,product,amount,cumulative_sum,cumulative_perc
0,teptlezwgy,170577,170577,4.111710916907413
1,pweflqandk,147300,317877,7.662336253620228
2,mkbtkziftf,106332,424209,10.225439398924689
3,ptctwlpjbg,91496,515705,12.430924910179785
4,mwvqtdpxik,84535,600240,14.468617461700612
5,svtvxbgkme,81432,681672,16.431513065361155
6,hbyryhheza,70215,751887,18.12402601863536
7,tcuezvzqqi,63645,815532,19.658170957909544
8,other,3333033,4148565,100.0
